<beans xmlns="http://www.springframework.org/schema/beans"
       xmlns:xsi="http://www.w3.org/2001/XMLSchema-instance"
       xmlns:context="http://www.springframework.org/schema/context"
       xmlns:p="http://www.springframework.org/schema/p"
       xsi:schemaLocation="
       http://www.springframework.org/schema/beans http://www.springframework.org/schema/beans/spring-beans-2.5.xsd
       http://www.springframework.org/schema/context http://www.springframework.org/schema/context/spring-context.xsd">

    <context:property-placeholder location="classpath:rule-engine.properties"/>

    <context:component-scan base-package="com.cmr.rule"/>

    <bean id="scheduler" class="org.springframework.scheduling.quartz.SchedulerFactoryBean">
        <property name="triggers">
            <list>
                <ref bean="hiveTableImporterServiceTrigger"/>
                <ref bean="ruleExecutorServiceTrigger"/>
            </list>
        </property>
    </bean>

    <bean id="hiveTableImporterServiceTrigger" class="org.springframework.scheduling.quartz.CronTriggerBean">
        <property name="jobDetail" ref="hiveTableImporterManager"/>
        <property name="cronExpression" value="${hive.table.import.cron.expression}"/>
    </bean>

    <bean id="ruleExecutorServiceTrigger" class="org.springframework.scheduling.quartz.CronTriggerBean">
        <property name="jobDetail" ref="ruleExecutorManager"/>
        <property name="cronExpression" value="${rule.executor.cron.expression}"/>
    </bean>

    <bean id="hiveTableImporterManager"
          class="org.springframework.scheduling.quartz.MethodInvokingJobDetailFactoryBean">
        <property name="targetObject">
            <ref bean="hiveTableImporterScheduler"/>
        </property>
        <property name="targetMethod">
            <value>execute</value>
        </property>
    </bean>

    <bean id="ruleExecutorManager"
          class="org.springframework.scheduling.quartz.MethodInvokingJobDetailFactoryBean">
        <property name="targetObject">
            <ref bean="ruleExecutionScheduler"/>
        </property>
        <property name="targetMethod">
            <value>execute</value>
        </property>
    </bean>

    <bean id="hiveTableImporterScheduler" class="com.cmr.rule.scheduler.impl.HiveTableImporterScheduler">

    </bean>

    <bean id="ruleExecutionScheduler" class="com.cmr.rule.scheduler.impl.RuleExecutionScheduler"/>

    <bean id="hiveDriver" class="org.apache.hadoop.hive.jdbc.HiveDriver"/>

    <bean id="hiveDataSource" class="org.springframework.jdbc.datasource.SimpleDriverDataSource"
          p:driver-ref="hiveDriver" p:url="${hive.url}"/>

    <bean id="ruleEngineThreadPoolExecutor" class="java.util.concurrent.Executors" factory-method="newFixedThreadPool">
        <constructor-arg value="10"/>
    </bean>

    <bean id="mail" class="org.springframework.mail.javamail.JavaMailSenderImpl">
        <property name="host" value="${email.host}"/>
        <property name="port" value="${email.port}"/>
        <property name="username" value="${email.username}"/>
        <property name="password" value="${email.password}"/>
        <property name="javaMailProperties">
            <props>
                <prop key="mail.smtp.auth">true</prop>
                <prop key="mail.smtp.starttls.enable">true</prop>
            </props>
        </property>
    </bean>

</beans>